"Species";"Site";"Model";"Nb Occ.";"Sample Bias";"Schoener_Cor_Cor";"Schoener_Uncor_Cor";"Pearson_Cor_Cor";"Pearson_Uncor_Cor";"Spearman_Cor_Cor";"Spearman_Uncor_Cor";"ROI_Schoener";"ROI_Pearson";"ROI_Spearman";"Schoener_pvalue"
"Alteragris belgiumensis";"Grote Nete";"ANN";100;0,317;0,949160314755808;0,931187016434561;0,980877399131208;0,964917514169355;0,914889343315937;0,903093110761873;0,0189359985260983;0,00805697766497452;0,00616026852686768;0,00000000000000000000000000002275126990759
"Fugiagrisbelgiumensis";"Grote Nete";"ANN";300;0,89;0,977050668577726;0,968835467996418;0,998865493022753;0,997373594287792;0,924266278591213;0,91781784374738;0,00840816228422128;0,000746372750026503;0,00335111357278137;0,0000000000000000000000147557665907109
"Philocourdogenos belgiumensis";"Grote Nete";"ANN";300;0,961;0,949488935509452;0,877835895352526;0,969542424911546;0,855148155089003;0,830644998669811;0,751962523836474;0,0754648500653459;0,0580816479887098;0,04298073896933;0
"Philocourdos belgiumensis";"Grote Nete";"ANN";300;0,764;0,940933150415404;0,916612360520146;0,974143480875266;0,93684505788857;0,923859355657346;0,878054055642099;0,0258475215635885;0,0188934711929648;0,0238090689324824;0,0000000000620767323459395
"Philograss belgiumensis";"Grote Nete";"ANN";100;0,62;0,951634625996965;0,881695976534694;0,970881090615184;0,890044339496261;0,93636568448332;0,843660927243432;0,0734931743251788;0,0410155394477354;0,0478756455884126;0,0000000000000000000000000000000000000000000000000000000000000000000000000000000000000000000000000000000000000000000000000000000000000000000000000000000000000000000000000000000000000000000000000000000000000000000000000000000000880509176011561
"Philoherbagenos belgiumensis";"Grote Nete";"ANN";80;0,634;0,93248590569606;0,92087999391412;0,980954420093197;0,970574712492766;0,933949708708614;0,926683290477807;0,0124462061153365;0,00523975084693903;0,00375729430713048;0,00000000000275189045339736
"Philoherbas belgiumensis";"Grote Nete";"ANN";80;-0,87;0,841151427980111;0,839548736144956;0,918044948218725;0,923737723215324;0,886411099196709;0,90563128303324;0,00190535471003596;-0,002968009170946;-0,0101887567586492;0,402864485552924
"Alteragris thauensis";"Thau";"ANN";100;0,821;0,826130079261214;0,783702252216247;0,23687939177133;0,179598794221021;0,214377817410857;0,175472644115418;0,0513573202453894;0,0463105763839089;0,0320371244744804;0,000000000000000000000000000000000000000000000000000000785712887208539
"Fugiagristhauensis";"Thau";"ANN";300;0,985;0,962148735959862;0,936037943741167;0,99246634818608;0,969828471969744;0,961176795343405;0,952678922600286;0,0271379998152229;0,0113617357888854;0,0043330477717748;0,00000000000000000000000000000000000000000000000000000000000000000000000000000000000000896726544605643
"Philocourdogenos thauensis";"Thau";"ANN";300;0,993;0,949458004688805;0,952531294217429;0,988498671473196;0,98921579450708;0,946897352797673;0,946961830068282;-0,00323688832307173;-0,000360635410106988;-0,0000331179610040676;0,993515629277303
"Philocourdos thauensis";"Thau";"ANN";300;0,977;0,95128398041384;0,947624865664136;0,989490332003803;0,986811970888017;0,920490574347141;0,930387924458354;0,00384650096610698;0,00134625490393241;-0,00515355307826893;0,00280072971033931
"Philograss thauensis";"Thau";"ANN";100;0,377;0,909161645969871;0,909968513995605;0,980155468487394;0,980367962942889;0,893006251321523;0,891557445263837;-0,000887485772536651;-0,000107312005989764;0,000765346684235173;0,602927563465788
"Philoherbagenos thauensis";"Thau";"ANN";80;0,627;0,864268842651971;0,842277735909884;0,615335873374735;0,536926395010195;0,589686344691441;0,514641177912052;0,0254447524390776;0,0485406655401815;0,0472075306113019;0,000000000000000000726470964141691
"Philoherbas thauensis";"Thau";"ANN";100;-0,348;0,682870740534736;0,719827799982294;0,589729726855494;0,689300096552299;0,487425637482884;0,599540511242966;-0,0541201390743701;-0,0626335206637647;-0,0753751118273106;0,998947768781519
"Alteragris norwayensis";"Trondheim";"ANN";100;0,945;0,89219736044896;0,90962858577623;0,977832945124277;0,98129514419083;0,860203385030838;0,849244903667282;-0,0195374096584395;-0,00175050126204415;0,00589101248376364;0,99999926667705
"Fugiagrisnorwayensis";"Trondheim";"ANN";300;-0,146;0,892261648976844;0,886201999093295;0,947371271279246;0,948530279497804;0,914763363233633;0,892258667701831;0,00679133737340181;-0,000595165511400712;0,0117532515839431;0,00463747650722049
"Philocourdogenos norwayensis";"Trondheim";"ANN";300;0,809;0,954243323195083;0,801847327589235;0,971944206543467;0,702073358821397;0,862805569764889;0,702967890563722;0,159703496898026;0,136855214679281;0,0858048106552208;0
"Philocourdos norwayensis";"Trondheim";"ANN";300;0,846;0,946801827796953;0,841250378199966;0,980622180930683;0,887837176259459;0,949396320766504;0,881730643005563;0,111482093187956;0,0468463927974516;0,0347110933985627;0
"Philograss norwayensis";"Trondheim";"ANN";100;0,958;0,961804158583333;0,957113715732336;0,994422041148278;0,99190225597312;0,923762361962389;0,932270691624164;0,0048767130076725;0,00126341622944965;-0,00442275502941879;0,000195358307861929
"Philoherbagenos norwayensis";"Trondheim";"ANN";80;0,777;0,895580542794272;0,771148983695119;0,837374428121817;0,324220085595992;0,763515879238487;0,289964340774217;0,138939551668818;0,279286755422179;0,268526948942902;0,00000000000000000000000000000000000000000000000000000000000000000000000000000000000000000000000000000000000000000000000000000000000000000000000000000000000000000000000000000000000000000000000000000000000000000000000345518760872712
"Philoherbas norwayensis";"Trondheim";"ANN";100;0,76;0,892226829760918;0,641838024382027;0,939013734592461;0,749259876207123;0,921234541852541;0,844968186642953;0,280633575484371;0,097861018207393;0,0396965355078661;0
"Alteragris belgiumensis";"Grote Nete";"CTA";100;0,317;0,917915621640049;0,900478535085154;0,90149319481748;0,885613006772225;0,90283250276058;0,893301310052223;0,0189963937248828;0,00835143038562352;0,00500894991783533;0,0000000254967733095404
"Fugiagrisbelgiumensis";"Grote Nete";"CTA";300;0,89;0,913388782666244;0,923963331446245;0,956370339427415;0,961430430971225;0,953782929283141;0,959445651387368;-0,0115772702497318;-0,00258646915761927;-0,00289833738403304;0,999412629327792
"Philocourdogenos belgiumensis";"Grote Nete";"CTA";300;0,961;0,952796441603686;0,915273021685869;0,927847678320645;0,895141558414112;0,910372320295449;0,864698643357952;0,03938240979853;0,0169650954659569;0,0239082593755512;0,0000000000000000000000000000000000000622818602365528
"Philocourdos belgiumensis";"Grote Nete";"CTA";300;0,764;0,963229390608868;0,961252566585171;0,976464192724841;0,975506034394179;0,982563785844031;0,982104977038018;0,00205228790044269;0,000484784057403468;0,000231421964472979;0,0675693048480911
"Philograss belgiumensis";"Grote Nete";"CTA";100;0,62;0,967965632100108;0,896579496434629;0,964780886482669;0,901630532518305;0,947623476787454;0,903418984598724;0,0737486262922366;0,0321411687169936;0,0226966314154544;0,0000000000000000000000000000000000000000000000000000000000000000000000000000000000000000000000000000000000000000000840281609633025
"Philoherbagenos belgiumensis";"Grote Nete";"CTA";80;0,634;0,93072576030041;0,925805003395374;0,957347387687338;0,953669661726063;0,961312403608623;0,958500804883076;0,00528701054051335;0,00187893369588337;0,00143352926355518;0,0144562257869499
"Philoherbas belgiumensis";"Grote Nete";"CTA";80;-0,87;0,739327976567614;0,7721665253024;0,858409702121354;0,870899700255384;0,858409702121354;0,870899700255384;-0,0444167538299333;-0,00672079903574156;-0,00672079903574156;0,999882546679934
"Alteragris thauensis";"Thau";"CTA";100;0,821;0,767287832589016;0,772880567038716;0,559420870797129;0,585415084339453;0,544320046129128;0,564799873622434;-0,00728896538190682;-0,0166691455970039;-0,0132613881071083;0,876158183910971
"Fugiagristhauensis";"Thau";"CTA";300;0,985;0,942364433461418;0,935329943968121;0,953003849465235;0,947781634863699;0,95485473434734;0,950813777115565;0,00746472303444058;0,00267393973799174;0,00206713939443862;0,000164136917055237
"Philocourdogenos thauensis";"Thau";"CTA";300;0,993;0,945643200828751;0,948988392088187;0,964508831967393;0,966586185497147;0,964637626612276;0,966502492084489;-0,00353747719700667;-0,00105744168514283;-0,000949216001440881;0,969803710277535
"Philocourdos thauensis";"Thau";"CTA";300;0,977;0,954909210169504;0,939549982994042;0,981003004535152;0,970385688053694;0,981003004535152;0,971810831381846;0,0160844895115593;0,00535956606686193;0,00464016113668836;0,0000000000726691511006088
"Philograss thauensis";"Thau";"CTA";100;0,377;0,828775879553859;0,82595834764889;0,910877585679378;0,907129647898265;0,910877585679378;0,907129647898265;0,00339963067757885;0,00196136990103487;0,00196136990103487;0,327136428018799
"Philoherbagenos thauensis";"Thau";"CTA";80;0,627;0,823758104368097;0,797177744639244;0,697831616895037;0,637620251710512;0,68345125010014;0,654920525043916;0,032267190559834;0,035463684729018;0,0169477583948612;0,000000425537543263148
"Philoherbas thauensis";"Thau";"CTA";100;-0,348;0,79085797796277;0,766090953302764;0,78263143920282;0,752899497517298;0,630428672394041;0,619964066726481;0,0313166527368229;0,0166786813200253;0,00641831552937199;0,00000088207924808822
"Alteragris norwayensis";"Trondheim";"CTA";100;0,945;0,766380607289341;0,819364520333606;0,902114063928924;0,916107447495417;0,902114063928924;0,916107447495417;-0,0691352476045389;-0,00735675311584027;-0,00735675311584027;0,999997942559455
"Fugiagrisnorwayensis";"Trondheim";"CTA";300;-0,146;0,895917362381385;0,889279024060619;0,921682321351316;0,916799045827935;0,825768143261197;0,836161650284627;0,0074095431113437;0,00254114609325626;-0,00569267629177995;0,00848706244306987
"Philocourdogenos norwayensis";"Trondheim";"CTA";300;0,809;0,937085807998401;0,776567728684086;0,909491427759139;0,658441280611176;0,892030675230518;0,67908964708384;0,171294963539335;0,131474875193643;0,112546287401357;0,000000000000000000000000000000000000000000000000000000000000000000000000000000000000000000000000000000000000000000000000000000000000000000000000000000000000000000000000000000000000000000000000000000000000000000000000000000000000000000000000000000000000000000000000000000000000000000000000000000382336199130161
"Philocourdos norwayensis";"Trondheim";"CTA";300;0,846;0,946503654358511;0,834887729102265;0,961585907788774;0,886387692493328;0,966988896319089;0,958460946048621;0,117924452528282;0,0383354177845899;0,004335535541877;0,0000000000000000000000000000000000000000000000000000000000000000000000000000000000000000000000000000000000000000000000000000000000000000000000000000000000000000000000000000000000000000000000000000000000000000000000000000000000000000000000000000000000000000000000000000000000000000000000000000000000000000000000000000010578192510284
"Philograss norwayensis";"Trondheim";"CTA";100;0,958;0,916118563755398;0,912045721911793;0,958009980866086;0,956528358029167;0,958009980866086;0,957698529981564;0,00444575844736646;0,000756698306646848;0,000159065013746318;0,118948715357728
"Philoherbagenos norwayensis";"Trondheim";"CTA";80;0,777;0,929659274295195;0,797985753983081;0,876193472595703;0,646509207523415;0,859897982817092;0,664094430364961;0,141636321986826;0,122420351859833;0,105276501324851;0,00000000000000000000000000000000000000000000000000000000000000000000000000000000000000000000000000000000000000000000000000000000000000000000000000000000000000000000000000000000000000000000000000000000850861271805674
"Philoherbas norwayensis";"Trondheim";"CTA";100;0,76;0,885227058339588;0,697597697027684;0,935466617094888;0,805427812045457;0,935466617094888;0,808406960469469;0,211956197615377;0,0671873148835901;0,0656480744762905;0,00000000000000000000000000000000000000000000000000000000000000000000000000000000000000000000000000000000000000000000000000000000000000000000000000000000000000000000000000000000000000000474004283156476
"Alteragris belgiumensis";"Grote Nete";"FDA";100;0,317;0,934443107742675;0,902510792198605;0,96383876297019;0,927692838510156;0,91101430517644;0,900587677155352;0,0341725625449887;0,0184057495664079;0,00545607010520245;0,00000000000000000000000000000000000000000000000000000000000000199432624053004
"Fugiagrisbelgiumensis";"Grote Nete";"FDA";300;0,89;0,968264511201681;0,961383987342348;0,995108649048744;0,991236809619249;0,969952984643874;0,974906567005101;0,00710603743061289;0,00194066595387761;-0,00251456882465799;0,00000021527993356648
"Philocourdogenos belgiumensis";"Grote Nete";"FDA";300;0,961;0,966934005567874;0,895676305227958;0,983413422947543;0,877412887092202;0,937319617164246;0,811380723480684;0,073694481660169;0,0534434902118462;0,0650067715041803;0,0000000000000000000000000000000000000000000000000000000000000000000000000000000000000000000000000000000000000000000000000000000000000000000000000000000000000000000000000000000000000000000000000000000000000000000000000131277936569216
"Philocourdos belgiumensis";"Grote Nete";"FDA";300;0,764;0,96344961841604;0,95531939878428;0,994722908027737;0,991741553862873;0,955265121457737;0,942168635833057;0,0084386557183207;0,00149462070790174;0,0066980612915124;0,0000000400236738486103
"Philograss belgiumensis";"Grote Nete";"FDA";100;0,62;0,955899627031351;0,877269054637942;0,971679280516164;0,882412386099747;0,96175864526513;0,892608450199056;0,0822581892176318;0,0452745511394975;0,0352490838936652;0,00000000000000000000000000000000000000000000000000000000000000000000000000000000000000000000000000000000000000000000000000000000000000000000000000000000000000445107070976296
"Philoherbagenos belgiumensis";"Grote Nete";"FDA";80;0,634;0,953556715668492;0,952827242268291;0,990829698578383;0,990479393425483;0,929438075304665;0,927459826283218;0,000765002635097657;0,000175959376711211;0,00102529801125353;0,35413361406379
"Philoherbas belgiumensis";"Grote Nete";"FDA";80;-0,87;0,886232757200273;0,895206766910585;0,93482616945278;0,942596102591064;0,952640622320248;0,950812522529843;-0,0101260189689472;-0,0040158300838371;0,000936219276352471;0,976937341135703
"Alteragris thauensis";"Thau";"FDA";100;0,821;0,881481229093275;0,85759540192;0,781671142169508;0,783003199481234;0,773486109724521;0,768915523501527;0,0270973747198734;-0,000747644882491682;0,00257717621690521;0,00000000000000000132211750515016
"Fugiagristhauensis";"Thau";"FDA";300;0,985;0,951587321173718;0,922596245421905;0,988973832534611;0,965225342835794;0,96546661567742;0,916927980551032;0,0304660172605654;0,0119400714631594;0,0246957311506707;0,00000000000000000000000000000000000000000000000000000000000000000000000000000000000000000000000000000000046361953811246
"Philocourdogenos thauensis";"Thau";"FDA";300;0,993;0,94764041591809;0,951901774718451;0,991582694701012;0,991847054080535;0,943817100279973;0,943127803994434;-0,00449680989622245;-0,000132738339325137;0,000354609641739891;0,970981271983382
"Philocourdos thauensis";"Thau";"FDA";300;0,977;0,968056857387527;0,968038026267488;0,997051668030207;0,996680287495455;0,941624499906709;0,932456580021531;0,000019452493823343;0,000185964409783052;0,00472177801918869;0,492848863486443
"Philograss thauensis";"Thau";"FDA";100;0,377;0,880071522007818;0,882906979073678;0,951992176596803;0,954061792509398;0,927691690748736;0,924081404228281;-0,00322184844635212;-0,00106025830298326;0,0018728547400921;0,701661876206114
"Philoherbagenos thauensis";"Thau";"FDA";80;0,627;0,925003624498197;0,918716293126944;0,88812106446083;0,869697378668615;0,829509024524856;0,809208087600859;0,00679708836239864;0,00975768245955983;0,011096385233338;0,00126260836090459
"Philoherbas thauensis";"Thau";"FDA";100;-0,348;0,845103960306539;0,833874997886296;0,893412953079371;0,888638494824941;0,868975566707174;0,867891726032953;0,0132870782148152;0,00252161486836005;0,000579911633693208;0,00000440633768783198
"Alteragris norwayensis";"Trondheim";"FDA";100;0,945;0,770685523723312;0,79174690825265;0,908332668873871;0,919876025971559;0,925700971790761;0,923202110892605;-0,0273281174759668;-0,00604892285604505;0,00129763703439025;0,995617731917644
"Fugiagrisnorwayensis";"Trondheim";"FDA";300;-0,146;0,932315107329103;0,923332068277879;0,974227105209515;0,969818209073908;0,932262927824267;0,92030315976804;0,00963519627710225;0,00223322642262033;0,00618951379960172;0,000000000000206074291608121
"Philocourdogenos norwayensis";"Trondheim";"FDA";300;0,809;0,973016603093602;0,793345246385612;0,990898161759248;0,69809789336564;0,96898039965561;0,693562958041615;0,18465394746271;0,147069435301943;0,139878203796324;0
"Philocourdos norwayensis";"Trondheim";"FDA";300;0,846;0,979363831494332;0,853548953859267;0,999247937179907;0,897405332529651;0,994261292519728;0,883726164837804;0,128465922049719;0,0509404575372042;0,0554266023697747;0
"Philograss norwayensis";"Trondheim";"FDA";100;0,958;0,977371070086292;0,961103032297329;0,996548207200597;0,989630993556322;0,955638220753351;0,95459533472353;0,0166446892964892;0,00346458633922644;0,000533271450084057;0,0000000000000000000000000000000202253867306972
"Philoherbagenos norwayensis";"Trondheim";"FDA";80;0,777;0,94905878068938;0,818939698405917;0,95619482814428;0,645912114203835;0,928253690788883;0,634147561806354;0,13710329110379;0,158615445392416;0,152524603161633;0,000000000000000000000000000000000000000000000000000000000000000000000000000000000000000000000000000000000000000000000000000000000000000000000000000000000000000000000000000000000000000000000000000000000000000000000000000000000000000000000000000000000000000000000000000000000000000000000000000000000000000142699328740831
"Philoherbas norwayensis";"Trondheim";"FDA";100;0,76;0,915196463081301;0,690823725141616;0,96125561860479;0,8115220005928;0,960277251493918;0,841263365110148;0,245163467070516;0,0763457942919796;0,0607127824867988;0
"Alteragris belgiumensis";"Grote Nete";"GAM";100;0,317;0,957707807669283;0,938605519188783;0,988723961480425;0,973637802728646;0,937279107481183;0,904383617250859;0,0199458418606698;0,00758584853603717;0,0169802534406589;0,0000000000000000000000000000000000000000000161646425501763
"Fugiagrisbelgiumensis";"Grote Nete";"GAM";300;0,89;0,970164304503061;0,970285911211247;0,99817850604973;0,99809727364289;0,952542628807476;0,960954816739575;-0,000125346508443246;0,0000406532282244648;-0,00430832485190678;0,556147420719924
"Philocourdogenos belgiumensis";"Grote Nete";"GAM";300;0,961;0,965615325799227;0,920082446178146;0,987932033450738;0,938557931616152;0,793850085103117;0,720425520174209;0,0471542636125766;0,0248369164557803;0,040931271536377;0,000000000000000000000000000000000000000000000000000000000000000000000000000000000000000000000000000000000000000000000000000000000000000000000000000000000000000000000000000000000000000000000000000000000000000000000000000000000000000000000000000000000000000000000000000000000000000000000000000000000000000000156620583579206
"Philocourdos belgiumensis";"Grote Nete";"GAM";300;0,764;0,962045568121796;0,962733853369141;0,992401729250497;0,992653849940366;0,959236607390838;0,967469766978028;-0,00071543934107838;-0,000126541091672185;-0,00420222833532848;0,735992002557255
"Philograss belgiumensis";"Grote Nete";"GAM";100;0,62;0,966376112534219;0,917028695612341;0,98622942550801;0,952596760241589;0,963616984194415;0,851892645765476;0,0510644005805042;0,01693292065584;0,0568972153572886;0,00000000000000000000000000000000000972442314194768
"Philoherbagenos belgiumensis";"Grote Nete";"GAM";80;0,634;0,91578855484985;0,910147762328314;0,972763242621946;0,967909656910107;0,954492812228281;0,949936432841562;0,00615949226670669;0,00246029812750765;0,00233123363678379;0,020735848200479
"Philoherbas belgiumensis";"Grote Nete";"GAM";80;-0,87;0,781771249586441;0,791449525311406;0,875409461921554;0,894816388121794;0,764531610070819;0,77438260704144;-0,0123799330431814;-0,0103481008250622;-0,00558278294046886;0,90706495471516
"Alteragris thauensis";"Thau";"GAM";100;0,821;0,847982103877982;0,852151060833238;0,781835892708081;0,802631705680983;0,7591359196832;0,770963504444252;-0,00491632657834379;-0,0116710035183406;-0,0067235195579329;0,938977800122106
"Fugiagristhauensis";"Thau";"GAM";300;0,985;0,953135940993324;0,92825498297003;0,99013740540049;0,974564284832556;0,974309131200103;0,964803316494147;0,0261043120432158;0,00782514841722679;0,00481475497212437;0,0000000000000000000000000000000000000000000000000000000000000000000000000000000000000000000000128329502774162
"Philocourdogenos thauensis";"Thau";"GAM";300;0,993;0,9655416348453;0,96275331598022;0,994248649118105;0,993383652973582;0,958605723106029;0,94981273424454;0,00288782872167552;0,000433745383207481;0,00448941242117101;0,000114608367322598
"Philocourdos thauensis";"Thau";"GAM";300;0,977;0,968253105842659;0,96359672913791;0,996435778943849;0,995403732183397;0,972647112864825;0,960461632798948;0,00480904907678716;0,000516944632698358;0,00617722246741861;0,0000000221430422428676
"Philograss thauensis";"Thau";"GAM";100;0,377;0,898737280146594;0,905542007611076;0,982513318964964;0,984033773275959;0,932747633651739;0,937794173916005;-0,00757143117883297;-0,000766932709329418;-0,00261107046590014;0,982787247642041
"Philoherbagenos thauensis";"Thau";"GAM";80;0,627;0,8808038699533;0,88714085313976;0,786771075601275;0,801525888124862;0,544788649690851;0,581961788596051;-0,00719454512251016;-0,00825780802312457;-0,0240635758895819;0,997214742252204
"Philoherbas thauensis";"Thau";"GAM";100;-0,348;0,840774766740659;0,847981988199316;0,902597975238825;0,912771875759793;0,906034519238605;0,914205938587574;-0,00857211912602501;-0,0053473727258075;-0,00428713082921173;0,991787709851699
"Alteragris norwayensis";"Trondheim";"GAM";100;0,945;0,848387048934383;0,858764692091543;0,960067950008847;0,965534086320713;0,78207732079055;0,764234473708837;-0,0122322036506743;-0,00278874837570877;0,0100123865971189;0,977689912598774
"Fugiagrisnorwayensis";"Trondheim";"GAM";300;-0,146;0,951408722298971;0,948044048958696;0,99074799593891;0,987797331630982;0,976254782363085;0,974293024418716;0,00353651723114786;0,00148218876218776;0,000992664489354487;0,000406399362393908
"Philocourdogenos norwayensis";"Trondheim";"GAM";300;0,809;0,973728989270619;0,813525326245872;0,992974036195001;0,736922343517563;0,828487577985841;0,666120606236446;0,16452592537555;0,128477184362268;0,0887985096011698;0
"Philocourdos norwayensis";"Trondheim";"GAM";300;0,846;0,972087113653721;0,857741324362948;0,99643157052903;0,914421026915946;0,980402117292994;0,956342571933945;0,117629158626523;0,041078564787148;0,0121488182369426;0
"Philograss norwayensis";"Trondheim";"GAM";100;0,958;0,950270186590049;0,927706809427298;0,99404490498542;0,982511615047793;0,965962568174019;0,927902215639288;0,0237441703224616;0,00578386670670874;0,0193596526967861;0,00000000000000000000000000000459408536173587
"Philoherbagenos norwayensis";"Trondheim";"GAM";80;0,777;0,94502485590372;0,839460204310866;0,95501632405662;0,738574109338537;0,728243846501239;0,620887494453378;0,111705687880456;0,110711205862962;0,0621187526662978;0,00000000000000000000000000000000000000000000000000000000000000000000000000000000000000000000000000000000000000000000000000000000000000000000000000000000000000000000000000000000000000000000000000000000000000000000000000000000000000000000000000000000000000000000000000000000000000977412163065554
"Philoherbas norwayensis";"Trondheim";"GAM";100;0,76;0,9286668471854;0,62852147583929;0,980741040514711;0,749684436544657;0,890713576319283;0,738742052284821;0,323200265257439;0,116651596167267;0,0803778668212191;0
"Philoherbas belgiumensis";"Grote Nete";"GBM";80;-0,87;0,893880843602795;0,906162288195783;0,931902203709126;0,94089586462393;0,575280221588767;0,559496395380744;-0,0137394650314776;-0,00465533964272973;0,0100196942688102;0,999429572719481
"Alteragris thauensis";"Thau";"GBM";100;0,821;0,904578027894556;0,877326581920788;0,791247196179717;0,789651347317531;0,790825211281541;0,785919940612157;0,0301261418400772;0,000890914925416084;0,00273911191247668;0,00000000000000000000000000231691048498035
"Philoherbagenos thauensis";"Thau";"GBM";80;0,627;0,897036900243537;0,895051346027904;0,771128959182386;0,746084913245757;0,680294760327411;0,657205602468424;0,00221345879427542;0,0141401594766933;0,0137411354270294;0,172014529256759
"Philoherbas thauensis";"Thau";"GBM";100;-0,348;0,866509983880062;0,861402323135439;0,911124099540068;0,905287610705608;0,924297106300974;0,924143357545368;0,00589452036288427;0,00305395596019335;0,0000798986575941781;0,00142019240489069
"Fugiagrisnorwayensis";"Trondheim";"GBM";300;-0,146;0,932237758598869;0,930707297978486;0,976340051980888;0,974606474236257;0,917236227851944;0,924840554141555;0,0016417063203738;0,000877165719985282;-0,00396629595202835;0,0110226199975732
"Philoherbas norwayensis";"Trondheim";"GBM";100;0,76;0,943296815041135;0,840459255527668;0,979668390120504;0,901075450153689;0,679252938171112;0,476154053124651;0,109019301108297;0,0397000529780802;0,120945975695393;0
"Alteragris belgiumensis";"Grote Nete";"GLM";100;0,317;0,961615010954284;0,944490690964049;0,990623484242318;0,979011604069495;0,981167007775195;0,964775075495018;0,0178078750801128;0,00583328804504869;0,00827387707136523;0,0000000000000000000000000000000000020766265674645
"Fugiagrisbelgiumensis";"Grote Nete";"GLM";300;0,89;0,973803955076208;0,971245375481256;0,998897548556435;0,998460434865909;0,955261146088102;0,960420181394345;0,00262740727393314;0,000218677385862978;-0,00263854028734956;0,000429538212889555
"Philocourdogenos belgiumensis";"Grote Nete";"GLM";300;0,961;0,981268720100382;0,926373414833669;0,997186897299368;0,947146573775259;0,989542647519137;0,872519196078754;0,0559431928708547;0,0250554034736426;0,058819272653595;0
"Philocourdos belgiumensis";"Grote Nete";"GLM";300;0,764;0,974428838237546;0,972047593021051;0,997172705724888;0,996529391713728;0,989471020097184;0,989885926991636;0,00244373434267634;0,00032211235879427;-0,000208551363785001;0,0019050791670718
"Philograss belgiumensis";"Grote Nete";"GLM";100;0,62;0,966909838672262;0,940583171233394;0,988146103291949;0,969633712608058;0,895627671091034;0,87126476022328;0,0272276342487312;0,00931138343064334;0,0128521603895625;0,00000000000000000000000000000000000000000000000000034976619359372
"Philoherbagenos belgiumensis";"Grote Nete";"GLM";80;0,634;0,950094496101226;0,948973988392012;0,990584989522242;0,989806638521404;0,974165163996465;0,971867949141707;0,0011793644882824;0,000391016211282212;0,0011636386340176;0,266065620788494
"Philoherbas belgiumensis";"Grote Nete";"GLM";80;-0,87;0,797821609800789;0,801722918050125;0,897423805969374;0,906110018491723;0,837078510211826;0,831122083245345;-0,00488995058721253;-0,00457789793456894;0,00324233664123248;0,689277033212313
"Alteragris thauensis";"Thau";"GLM";100;0,821;0,835867215668156;0,85252933381384;0,642945567580867;0,744175167935634;0,596583144201066;0,691891805853006;-0,0199339294966429;-0,0616147012732876;-0,0596953951306014;0,999986309661389
"Fugiagristhauensis";"Thau";"GLM";300;0,985;0,975151917309638;0,928368877080414;0,998265271897449;0,973063876533885;0,999170682362233;0,978813321370758;0,0479751302323175;0,0126116365619637;0,010182902926238;0,0000000000000000000000000000000000000000000000000000000000000000000000000000000000000000000000000000000000000000000000000000000000000000000000000000000000000000000000000000000000000000000000000000000000000000000000000000000000000000000000000000000000000000000000000000000000000000000000000126739757637065
"Philocourdogenos thauensis";"Thau";"GLM";300;0,993;0,973079572499447;0,976939844985061;0,996510641988289;0,9974593670568;0,982439944432872;0,986028431545922;-0,00396706764247349;-0,000475191591048362;-0,00181013660621962;0,999989973242169
"Philocourdos thauensis";"Thau";"GLM";300;0,977;0,968935721359929;0,942806743373984;0,996694371513438;0,981622001548805;0,985113280795598;0,971903494171201;0,0269666783976878;0,00754866151759021;0,00665442458734762;0,00000000000000000000000281461179077438
"Philograss thauensis";"Thau";"GLM";100;0,377;0,905535863858445;0,914565626275863;0,989998395866479;0,991793253510639;0,945789068035461;0,952939156582359;-0,00997173361962985;-0,000901939241704111;-0,00367464730085924;0,997608865013868
"Philoherbagenos thauensis";"Thau";"GLM";80;0,627;0,910577658699501;0,917274520470859;0,879377822705603;0,896168290238322;0,735849858015738;0,784561671796815;-0,00735452018548542;-0,00893405643605301;-0,0280622275919415;0,996621742048428
"Philoherbas thauensis";"Thau";"GLM";100;-0,348;0,873312700366124;0,874173836240694;0,936294059732757;0,938851282131139;0,929132885214421;0,936929883201078;-0,000986056740282934;-0,00132067873964122;-0,00404171119906539;0,628578447948127
"Alteragris norwayensis";"Trondheim";"GLM";100;0,945;0,889126266294736;0,87911321183248;0,984783613755026;0,979588667275122;0,850255295780125;0,787952564425172;0,0112616788434149;0,00261738682438811;0,0336725053548271;0,00309629169034376
"Fugiagrisnorwayensis";"Trondheim";"GLM";300;-0,146;0,961727248788534;0,95757722595665;0,993249570123136;0,991469373844184;0,992791242278341;0,991545636117461;0,00431517650884068;0,000893112586419655;0,000625056019142335;0,0000152892802876309
"Philocourdogenos norwayensis";"Trondheim";"GLM";300;0,809;0,976330504188909;0,817900666123064;0,993668537901232;0,751496125043094;0,91445805137451;0,707571523011206;0,162270703809937;0,121470750154425;0,108065323350787;0
"Philocourdos norwayensis";"Trondheim";"GLM";300;0,846;0,981789827135241;0,866327030871845;0,998707472815658;0,925545547491789;0,99436190768232;0,96786355794498;0,117604392581968;0,0366046188944316;0,013286630493326;0
"Philograss norwayensis";"Trondheim";"GLM";100;0,958;0,964058715418595;0,962340168507286;0,997997622054834;0,99765261018995;0,996514020229439;0,995636307013992;0,00178261643593316;0,000172678816568949;0,000439622865932295;0,077398227029247
"Philoherbagenos norwayensis";"Trondheim";"GLM";80;0,777;0,948396241531042;0,846189430119322;0,966172323669539;0,761457932125984;0,775718045326449;0,644914945808544;0,107768047716767;0,104118234744292;0,0736620883378242;0,0000000000000000000000000000000000000000000000000000000000000000000000000000000000000000000000000000000000000000000000000000000000000000000000000000000000000000000000000000000000000000000000000000000000000000000000000000000000000000000000000000000000000000000000000000000000000306524994704741
"Philoherbas norwayensis";"Trondheim";"GLM";100;0,76;0,918830365494638;0,644430278725492;0,971294118947722;0,75725855579282;0,929070517451258;0,713570266307231;0,29864063822208;0,108576168871825;0,111711961379593;0
"Alteragris belgiumensis";"Grote Nete";"RF";100;0,317;0,812544235861098;0,784492424263279;0,793261002314623;0,753032435908664;0,825967863525723;0,813289991807596;0,0345234269837515;0,0224331909041878;0,00694309684818194;0,000000000000000000000000000000000000000000000000000040842833674835
"Fugiagrisbelgiumensis";"Grote Nete";"RF";300;0,89;0,881829578462641;0,87909763683796;0,942774114188131;0,940296813382824;0,968051561292695;0,969833126303526;0,00309803809194523;0,00127513579021602;-0,000905243056569139;0,00723283166444922
"Philocourdogenos belgiumensis";"Grote Nete";"RF";300;0,961;0,799007411870455;0,767713673299086;0,73278799990086;0,662183919502607;0,758966958791316;0,674247455230202;0,0391657675591656;0,0407459426094207;0,0481643518871612;0,0000000000000000000000000000000000000000000000000000000000000000000000000000134097071110848
"Philocourdos belgiumensis";"Grote Nete";"RF";300;0,764;0,882031889881034;0,863117799756666;0,92226801844156;0,911368742953286;0,95777285445758;0,958587219390783;0,021443771298245;0,00567000823179202;-0,000415964973336466;0,000000000000000000000000000000000000000000000000000025024077335281
"Philograss belgiumensis";"Grote Nete";"RF";100;0,62;0,94475886634159;0,83689550121348;0,958384150688199;0,845559851703734;0,921889860768117;0,803112990783489;0,114170259704248;0,0576109130299168;0,0618021211356808;0
"Philoherbagenos belgiumensis";"Grote Nete";"RF";80;0,634;0,831120965339974;0,823118121042205;0,886344145771684;0,879040909467692;0,91369767101533;0,910265455851438;0,00962897656479476;0,00387163515224011;0,00179349915918045;0,00000891801921309772
"Philoherbas belgiumensis";"Grote Nete";"RF";80;-0,87;0,837400680385146;0,851667397245029;0,951547548259852;0,957403333204393;0,880413111015198;0,893864593897451;-0,0170369062195191;-0,0030005853302229;-0,00715347218303056;0,996680766427747
"Alteragris thauensis";"Thau";"RF";100;0,821;0,847230645966178;0,819579071846073;0,781655823131903;0,774088145714019;0,789531280155021;0,783500667364377;0,0326375990431395;0,00424755293341728;0,00336993985940368;0,000000000000000000000000000000000000000000000000000000000000000000000000000348099682600218
"Fugiagristhauensis";"Thau";"RF";300;0,985;0,810931903676245;0,789466776612337;0,840843623943941;0,829159820195972;0,893151057717985;0,835561729316676;0,026469703518383;0,00634698330482645;0,0304198273912316;0,0000000000000000000000000000000000000000085402856343735
"Philocourdogenos thauensis";"Thau";"RF";300;0,993;0,828616489515483;0,826891859969162;0,869204952761223;0,868197962804398;0,944722454853091;0,942095602714396;0,00208133626127801;0,000538726347443857;0,00135075940123946;0,102938985832777
"Philocourdos thauensis";"Thau";"RF";300;0,977;0,894017250325508;0,88933478892316;0,946967064988577;0,943881775323439;0,976601693325053;0,976397690119638;0,00523755151328864;0,00158466453830628;0,00010320906134197;0,000191410732349287
"Philograss thauensis";"Thau";"RF";100;0,377;0,867523540637969;0,871262573876751;0,955493551636521;0,955010884693778;0,933037044156081;0,942499325058079;-0,00431000781377351;0,000246826148999157;-0,00489503340383674;0,876179107349359
"Philoherbagenos thauensis";"Thau";"RF";80;0,627;0,820073864822998;0,816234249984207;0,680836109424624;0,644004097294887;0,649499863007701;0,613520598626457;0,00468203536716752;0,0219129110347025;0,0218122263530471;0,00905306934184661
"Philoherbas thauensis";"Thau";"RF";100;-0,348;0,858086760021305;0,856530909256935;0,929389824849791;0,930869578236703;0,915423277896386;0,916583019506139;0,00181316253420687;-0,000766954074212302;-0,000605475365751349;0,197791441589782
"Alteragris norwayensis";"Trondheim";"RF";100;0,945;0,858049764882978;0,872301846557511;0,954937080916348;0,961321962028805;0,920882600580833;0,929141975129967;-0,0166098544138366;-0,00326602895550151;-0,00429978102078524;0,999963233746769
"Fugiagrisnorwayensis";"Trondheim";"RF";300;-0,146;0,880293814434854;0,877702567583364;0,954552978070566;0,952693118403079;0,832226836098667;0,829492705085049;0,0029436158802886;0,000951552446187913;0,00149224482457656;0,0015540827854499
"Philocourdogenos norwayensis";"Trondheim";"RF";300;0,809;0,788901057065763;0,700452310385216;0,707176680713305;0,525179308916661;0,74283091718088;0,580539839282761;0,112116400261299;0,106607226921938;0,0931192327943287;0,00000000000000000000000000000000000000000000000000000000000000000000000000000000000000000000000000000000000000000000000000000000000000000000000000000000000000000000000000000000000000000000000000000000000000000000000000000000000000000431792499369999
"Philocourdos norwayensis";"Trondheim";"RF";300;0,846;0,857269243238829;0,781569482108929;0,902087639604262;0,822213382023641;0,950971418243014;0,816267871305492;0,0883033676140072;0,0419929428684155;0,0690443466664582;0,0000000000000000000000000000000000000000000000000000000000000000000000000000000000000000000000000000000000000000000000000000000000000000000000000000000000000000000000000000000000000000000000000000000000000000000000000000000000000000000000000000000000000000000000179573127223887
"Philograss norwayensis";"Trondheim";"RF";100;0,958;0,911266455133735;0,902180724176588;0,967498930646682;0,960669573729486;0,981156480737566;0,977642324731024;0,00997044377740607;0,00347108545311962;0,00177379022843991;0,00000000207913330536185
"Philoherbagenos norwayensis";"Trondheim";"RF";80;0,777;0,776252277101357;0,733213584565504;0,650628627769748;0,543741887120027;0,663206886211782;0,563141982999473;0,0554442077729762;0,0647551719699313;0,0601638341218168;0,000000000000000000000000000000000000000000000000000000000000000000451502577807813
"Philoherbas norwayensis";"Trondheim";"RF";100;0,76;0,926515875026442;0,775686977996956;0,981388712882477;0,884559821183438;0,955818836181165;0,682359284384833;0,162791487005208;0,048869205254619;0,139818446748511;0
"Alteragris belgiumensis";"Grote Nete";"SRE";100;0,317;0,966945512333187;0,959397095101918;0,962703583889691;0,954004375564145;0,962703583889691;0,954004375564145;0,00780645562235934;0,0044322578289206;0,0044322578289206;0,0000126491191619915
"Fugiagrisbelgiumensis";"Grote Nete";"SRE";300;0,89;0,975267704801914;0,971140597299185;0,984785670336195;0,98239626341773;0,984785670336195;0,98239626341773;0,00423176885936902;0,00120386143157706;0,00120386143157706;0,00170105985836368
"Philocourdogenos belgiumensis";"Grote Nete";"SRE";300;0,961;0,991002068695425;0,897656670168507;0,984782732978009;0,857347083257068;0,984782732978009;0,857347083257068;0,0941929401315975;0,0642063474271232;0,0642063474271232;0
"Philocourdos belgiumensis";"Grote Nete";"SRE";300;0,764;0,987104078726777;0,98632352978903;0,989392174805699;0,989223839068402;0,989392174805698;0,989223839068402;0,000790746340299181;0,0000846166680596613;0,0000846166680596613;0,0473668633903416
"Philograss belgiumensis";"Grote Nete";"SRE";100;0,62;0,988303543580375;0,946956272845189;0,985883955907465;0,931905967178842;0,985883955907465;0,931905967178842;0,0418366108305104;0,0271808373133049;0,0271808373133049;0,0000000000000000000000000000000000000000000000000000000000000000000000000000000000000000000000000000000000000000000000000000000000000000000000000000000000000000000000000000000000000000000000000000000000000000000000000000000000000000000000000000000000000430806010681127
"Philoherbagenos belgiumensis";"Grote Nete";"SRE";80;0,634;0,897136863379063;0,904627792568289;0,917811302550327;0,923822704056413;0,917811302550327;0,923822704056413;-0,00834981761981196;-0,00313451146006486;-0,00313451146006486;0,952839719304807
"Philoherbas belgiumensis";"Grote Nete";"SRE";80;-0,87;0,961027484427244;0,957504283204192;0,978211917750645;0,976314320977819;0,978211917750645;0,976314320977819;0,00366607748492419;0,000959248478789705;0,000959248478789705;0,0367780293018759
"Alteragris thauensis";"Thau";"SRE";100;0,821;0,907361387891404;0,900958916658827;0,89457991920411;0,882803777830454;0,89457991920411;0,882803777830454;0,00705614247863808;0,00621570051191203;0,00621570051191203;0,00263269147213379
"Fugiagristhauensis";"Thau";"SRE";300;0,985;0,970752757459063;0,865863968215758;0,973848195349623;0,877057784606925;0,973848195349623;0,877057784606925;0,1080489222795;0,04903640055539;0,04903640055539;0
"Philocourdogenos thauensis";"Thau";"SRE";300;0,993;0,978961593986857;0,980750316055456;0,982150687240861;0,983499924608431;0,982150687240861;0,983499924608431;-0,0018271626584592;-0,00068069364062729;-0,00068069364062729;0,985449491316959
"Philocourdos thauensis";"Thau";"SRE";300;0,977;0,978080427414968;0,977447468697034;0,985710126117666;0,985093443131641;0,985710126117666;0,985093443131641;0,000647143834180504;0,000310560427684403;0,000310560427684403;0,198615360041695
"Philograss thauensis";"Thau";"SRE";100;0,377;0,920716911520841;0,908664889292432;0,954680138296475;0,948226010020516;0,954680138296475;0,948226010020516;0,0130898238944053;0,00330188461503658;0,00330188461503652;0,00529665731073364
"Philoherbagenos thauensis";"Thau";"SRE";80;0,627;0,946246846924049;0,906339391311841;0,900008873926076;0,823924428474457;0,900008873926076;0,823924428474457;0,0421744661468986;0,0400442579483338;0,0400442579483338;0,00000000000000000000000000000000000000000000000000000000000000000000000000000000000000000000001130858642613
"Philoherbas thauensis";"Thau";"SRE";100;-0,348;0,924065042779154;0,922298237515488;0,939774641038667;0,937543079589351;0,939774641038667;0,937543079589351;0,0019119923185843;0,00115042304508196;0,00115042304508202;0,235138422910203
"Alteragris norwayensis";"Trondheim";"SRE";100;0,945;0,94847610935203;0,950589827221537;0,971753773950072;0,972800847430631;0,971753773950072;0,972800847430631;-0,00222854097078981;-0,000531036630634284;-0,000531036630634228;0,81622062571483
"Fugiagrisnorwayensis";"Trondheim";"SRE";300;-0,146;0,97484006216935;0,971175479827716;0,979151449974209;0,977488061501527;0,979151449974209;0,977488061501527;0,00375916263994969;0,000840455374298584;0,000840455374298584;0,00000277280495022879
"Philocourdogenos norwayensis";"Trondheim";"SRE";300;0,809;0,98385680819698;0,737685668960787;0,975078402183748;0,686460190356314;0,975078402183748;0,686460190356314;0,250210332626886;0,146130002489178;0,146130002489178;0
"Philocourdos norwayensis";"Trondheim";"SRE";300;0,846;0,984003592355451;0,741720588638778;0,986014160170095;0,810196495988303;0,986014160170095;0,810196495988303;0,246221665854603;0,0885279006101015;0,0885279006101016;0
"Philograss norwayensis";"Trondheim";"SRE";100;0,958;0,982310926202573;0,982663758481703;0,988897532766905;0,988860346122319;0,988897532766905;0,988860346122319;-0,000359185945832802;0,0000186971143429876;0,0000186971143429317;0,683648685667466
"Philoherbagenos norwayensis";"Trondheim";"SRE";80;0,777;0,940415905439001;0,853786513007954;0,902596983660408;0,773511331147131;0,902596983660409;0,773511331147131;0,0921181701947146;0,0678470814480791;0,0678470814480791;0,00000000000000000000000000000000000000000000000000000000000000000000000000000000000000000000000000000000000000000000000000000000000000000000288334171199618
"Philoherbas norwayensis";"Trondheim";"SRE";100;0,76;0,97079179196538;0,495954076098584;0,983476573263688;0,677029012435846;0,983476573263689;0,677029012435846;0,4891241559691;0,154500216921444;0,154500216921444;0
